{"roll": 207.70028980702867, "pitch": 129.19103122213303, "yaw": 221.50176426607425, "x": 3, "y": 4, "z": 3, "temp": 85.546875, "press": 1137.772705078125, "humi": 92.67578125}