{"roll": 207.70028980702867, "pitch": 129.19103122213303, "yaw": 221.50176426607425}