{"temp": 85.546875, "press": 1137.786865234375, "humi": 92.78515625}